,Title
0,CRYPTO LENDING SCHEME IMPLOSIONS MAKE BITCOIN STRONGER
1,SPACECHAINS: HOW THIS NEW BITCOIN SIDECHAIN PROPOSAL WORKS
2,IT IS TIME TO TURN THE TABLES ON THE BITCOIN ENVIRONMENTAL DEBATE
3,BITCOIN BEAR MARKETS: WE’VE BEEN HERE BEFORE
4,What Is Bitcoin?
5,How To Get Bitcoin
6,"How to Buy, Sell And Transact With Bitcoin"
7,Getting Started With Bitcoin
8,EXPLORING THE BITCOIN USE CASES OF SPACECHAINS
9,BITCOIN CREATES A NEW TYPE OF PROPERTY OWNERSHIP
10,CHANGING THE “BITCOIN IS USELESS” NARRATIVE
11,SAMSUNG TO BEGIN PRODUCTION OF 3NM CHIPS WHICH COULD BE USED FOR MINING BITCOIN: REPORT
12,HIGH SCHOOL STUDENTS IN EL SALVADOR CAN EARN A BITCOIN DIPLOMA
13,21SHARES RELEASED THE LOWEST-COST BITCOIN ETP IN EUROPE
14,LUXURY SWISS WATCHMAKER BREITLING NOW ACCEPTS BITCOIN
15,BITCOIN RESERVE NOW ALLOWS THE PURCHASE OF LIQUID BITCOIN
16,BITCOIN BEAR MARKETS: WE’VE BEEN HERE BEFORE
17,LUXOR TECHNOLOGIES RELEASES NEW HOSTED BITCOIN MINING MARKETPLACE
18,BITCOIN IS VENICE: FIAT DELENDA EST
19,CAN GOVERNMENT REGULATION INCENTIVIZE BITCOIN MINING WITH RENEWABLE ENERGY?
20,NOT ALL BITCOIN BEAR MARKETS ARE THE SAME
21,IS BITCOIN REALLY A HEDGE AGAINST INFLATION?
22,WHY EUROPE NEEDS THE WORLD’S BIGGEST BITCOIN CONFERENCE
